{
    "loss": 0.39463189244270325,
    "accuracy": 0.9120370149612427
}