{
    "loss": 0.39429211616516113,
    "accuracy": 0.8981481194496155
}