{
    "accuracy": 0.9351851940155029,
    "loss": 0.1925123780965805
}