{
    "loss": 0.16661761701107025,
    "accuracy": 0.9490740895271301
}