{
    "loss": 0.27849310636520386,
    "accuracy": 0.8916666507720947
}