{
    "loss": 0.3929308354854584,
    "accuracy": 0.8657407164573669
}