{
    "loss": 0.40214774012565613,
    "accuracy": 0.8425925970077515
}